,city_name,Year,"Murders (per 100,000)","Rapes (per 100,000)","Robberies (per 100,000)","Assaults (per 100,000)","Burglaries (per 100,000)","Thefts (per 100,000)","Auto thefts (per 100,000)","Arson (per 100,000)",City-Data.com crime index
0,"Birmingham city, Alabama",2007,37.8,100.6,706.7,613.1,2136.0,5502.0,986.4,97.1,939.2
1,"Birmingham city, Alabama",2008,35.9,92.9,656.6,637.7,2257.0,5589.0,937.3,58.7,927.2
2,"Birmingham city, Alabama",2009,28.6,87.1,505.8,615.3,2207.0,5078.0,701.1,59.4,815.4
3,"Birmingham city, Alabama",2010,9.4,38.2,196.0,389.2,1229.0,2497.0,344.0,36.8,399.4
4,"Birmingham city, Alabama",2011,25.3,85.3,474.1,898.4,2723.0,4934.0,709.5,57.7,885.5
5,"Birmingham city, Alabama",2012,31.4,71.3,460.9,954.2,2206.0,4240.0,488.6,54.9,812.0
6,"Birmingham city, Alabama",2013,29.7,84.0,457.1,774.5,1895.0,4085.0,697.2,5.7,770.5
7,"Birmingham city, Alabama",2014,24.5,85.8,495.5,982.5,1768.0,4122.0,677.0,68.4,805.6
8,"Birmingham city, Alabama",2015,37.2,74.9,524.8,1109.0,1482.0,4163.0,713.6,68.3,841.0
9,"Birmingham city, Alabama",2016,36.7,70.6,445.5,1056.0,1314.0,3840.0,713.7,68.2,777.4
10,"Birmingham city, Alabama",2017,27.8,56.6,288.0,765.9,822.0,2840.0,525.0,66.0,553.6
11,"Birmingham city, Alabama",2018,41.8,85.5,446.9,1337.0,1213.0,4269.0,832.1,68.9,875.8
12,"Birmingham city, Alabama",2020,16.7,10.5,75.6,311.4,255.9,974.3,197.5,0.0,199.5
13,"Huntsville city, Alabama",2007,12.4,56.7,345.9,399.1,1348.0,4299.0,688.3,28.9,575.1
14,"Huntsville city, Alabama",2008,10.4,53.8,238.4,404.5,1371.0,4164.0,626.2,2.3,529.0
15,"Huntsville city, Alabama",2009,7.3,49.8,242.4,352.2,1411.0,3569.0,501.1,0.6,479.2
16,"Huntsville city, Alabama",2010,6.7,42.2,257.1,350.4,1486.0,3459.0,478.1,11.7,474.9
17,"Huntsville city, Alabama",2011,7.2,28.2,223.8,579.6,1479.0,3485.0,423.3,12.7,496.8
18,"Huntsville city, Alabama",2012,7.6,39.2,248.2,628.2,1179.0,3476.0,386.5,10.9,499.2
19,"Huntsville city, Alabama",2013,13.0,47.1,211.7,544.0,1020.0,3588.0,380.5,19.5,481.3
20,"Huntsville city, Alabama",2014,8.0,55.4,207.9,510.6,1019.0,3476.0,388.0,14.9,466.2
21,"Huntsville city, Alabama",2015,9.5,69.4,193.6,538.1,926.3,3271.0,401.4,11.6,468.0
22,"Huntsville city, Alabama",2016,9.3,78.9,215.0,624.7,878.6,3537.0,464.2,13.0,511.4
23,"Huntsville city, Alabama",2017,11.3,88.1,184.5,621.0,731.7,3463.0,535.9,14.9,505.2
24,"Huntsville city, Alabama",2018,14.2,75.8,152.6,481.1,641.8,3032.0,519.3,11.2,438.8
25,"Huntsville city, Alabama",2019,6.0,39.6,79.7,311.8,277.7,1406.0,248.7,0.0,225.6
26,"Huntsville city, Alabama",2020,3.5,33.5,50.3,258.3,228.2,1120.0,191.7,0.0,176.6
27,"Mobile city, Alabama",2007,15.0,9.1,295.5,131.2,1438.0,3688.0,443.2,52.8,435.7
28,"Mobile city, Alabama",2008,16.7,10.8,348.5,103.6,1317.0,3772.0,426.6,46.2,444.5
29,"Mobile city, Alabama",2009,9.7,15.0,348.1,437.1,1510.0,3842.0,385.9,37.0,513.6
30,"Mobile city, Alabama",2010,10.0,23.5,260.0,384.3,1542.0,3695.0,409.0,4.4,482.1
31,"Mobile city, Alabama",2011,11.9,19.1,252.9,358.9,1611.0,3530.0,278.3,9.1,463.0
32,"Mobile city, Alabama",2012,12.7,17.9,182.9,308.9,1112.0,3481.0,219.5,0.8,391.0
33,"Mobile city, Alabama",2013,11.6,35.1,183.2,385.1,1280.0,3641.0,271.8,26.3,440.2
34,"Mobile city, Alabama",2014,12.4,54.3,170.8,356.3,1136.0,3281.0,211.8,47.9,418.3
35,"Mobile city, Alabama",2015,9.6,46.3,160.6,394.3,882.0,3186.0,243.3,12.4,391.9
36,"Mobile city, Alabama",2016,17.6,35.6,175.3,455.3,1052.0,3305.0,352.1,19.2,441.3
37,"Mobile city, Alabama",2017,20.1,57.2,177.1,485.8,1217.0,3730.0,506.8,22.9,511.2
38,"Mobile city, Alabama",2018,10.6,68.4,154.0,424.1,1046.0,3439.0,441.6,22.4,453.1
39,"Mobile city, Alabama",2020,3.7,17.6,20.1,96.8,167.7,675.3,93.1,0.0,93.1
40,"Montgomery city, Alabama",2007,22.8,26.7,322.7,200.4,1642.0,4246.0,468.7,26.2,526.0
41,"Montgomery city, Alabama",2008,11.3,24.0,226.5,170.3,1719.0,3971.0,447.7,3.9,458.7
42,"Montgomery city, Alabama",2009,15.3,41.9,223.4,148.9,1525.0,3507.0,424.0,9.4,441.8
43,"Montgomery city, Alabama",2010,12.1,26.7,194.9,153.6,1594.0,3499.0,379.6,24.3,416.7
44,"Montgomery city, Alabama",2011,15.0,18.4,171.2,137.4,1395.0,3406.0,394.7,15.0,389.0
45,"Montgomery city, Alabama",2012,21.1,19.6,219.6,135.4,1631.0,3611.0,526.7,6.2,451.5
46,"Montgomery city, Alabama",2013,1.5,18.5,156.5,229.7,890.4,2716.0,422.3,31.7,315.4
47,"Montgomery city, Alabama",2014,17.5,17.5,224.8,262.7,1273.0,2906.0,329.7,30.0,400.6
48,"Montgomery city, Alabama",2015,16.6,20.1,196.3,290.2,1176.0,2651.0,372.1,17.1,384.3
49,"Montgomery city, Alabama",2016,15.0,31.1,224.5,338.2,1149.0,2918.0,437.0,23.1,422.0
50,"Montgomery city, Alabama",2017,19.1,26.1,173.8,422.4,1069.0,2927.0,423.9,0.5,421.5
51,"Montgomery city, Alabama",2018,14.6,19.6,196.8,381.0,1033.0,2746.0,489.3,1.0,401.5
52,"Montgomery city, Alabama",2020,9.1,4.6,71.3,179.0,284.2,896.6,152.2,0.0,147.0
53,"Tuscaloosa city, Alabama",2007,11.9,38.2,315.0,299.5,1431.0,4258.0,332.9,0.0,505.9
54,"Tuscaloosa city, Alabama",2008,12.2,31.1,220.7,257.3,1678.0,3941.0,366.0,0.0,471.3
55,"Tuscaloosa city, Alabama",2009,5.5,30.5,212.7,207.2,1644.0,3659.0,239.9,2.2,421.2
56,"Tuscaloosa city, Alabama",2010,7.7,34.3,210.0,244.3,1616.0,3524.0,196.8,1.1,424.6
57,"Tuscaloosa city, Alabama",2011,3.3,42.9,213.4,215.6,1374.0,3260.0,209.0,22.0,391.4
58,"Tuscaloosa city, Alabama",2012,4.3,40.2,184.8,290.3,1285.0,3224.0,219.6,16.3,390.9
59,"Tuscaloosa city, Alabama",2013,8.5,46.7,171.0,234.8,1238.0,3395.0,160.4,7.4,388.0
60,"Tuscaloosa city, Alabama",2014,9.3,55.0,182.5,236.5,1081.0,3021.0,189.8,20.7,376.4
61,"Tuscaloosa city, Alabama",2015,7.2,46.1,205.1,315.9,1161.0,2966.0,190.7,6.2,391.1
62,"Tuscaloosa city, Alabama",2016,14.0,54.0,172.1,240.2,794.6,2710.0,230.2,5.0,353.4
63,"Tuscaloosa city, Alabama",2017,8.9,53.4,166.1,240.3,805.0,3126.0,196.8,7.9,355.5
64,"Tuscaloosa city, Alabama",2018,4.9,46.2,137.6,316.4,739.9,3289.0,309.5,16.7,359.4
65,"Tuscaloosa city, Alabama",2019,3.9,19.5,108.3,227.3,399.9,1925.0,169.7,0.0,219.9
66,"Tuscaloosa city, Alabama",2020,8.8,15.6,60.6,262.7,298.9,1508.0,188.5,0.0,197.1
67,"Anchorage municipality, Alaska",2007,7.7,90.4,159.4,588.8,511.7,2955.0,442.0,51.0,442.8
68,"Anchorage municipality, Alaska",2008,3.6,93.9,194.2,653.4,425.3,2590.0,273.5,37.8,426.5
69,"Anchorage municipality, Alaska",2009,4.9,99.5,188.5,585.2,569.4,2766.0,306.4,39.2,438.1
70,"Anchorage municipality, Alaska",2010,4.5,90.5,155.6,582.9,419.1,2802.0,278.6,29.5,408.2
71,"Anchorage municipality, Alaska",2011,4.0,95.3,156.6,548.2,363.7,2610.0,210.5,42.4,387.6
72,"Anchorage municipality, Alaska",2012,5.0,101.3,163.1,559.3,387.1,2860.0,277.8,32.4,415.6
73,"Anchorage municipality, Alaska",2013,4.7,136.2,174.3,497.9,440.1,3288.0,290.2,24.7,455.8
74,"Anchorage municipality, Alaska",2014,4.0,130.1,164.6,565.9,456.3,3059.0,311.6,26.9,453.8
75,"Anchorage municipality, Alaska",2015,8.6,171.6,206.1,684.5,559.4,2975.0,383.1,35.2,542.1
76,"Anchorage municipality, Alaska",2016,9.4,181.2,232.4,721.2,671.4,3544.0,682.7,23.1,621.0
77,"Anchorage municipality, Alaska",2017,9.1,204.9,262.7,799.5,748.2,3620.0,1048.0,20.9,701.9
78,"Anchorage municipality, Alaska",2018,8.9,209.9,245.6,845.2,708.2,3253.0,966.8,19.9,685.5
79,"Anchorage municipality, Alaska",2019,11.1,187.7,215.8,829.9,588.0,3141.0,532.1,32.3,612.5
80,"Anchorage municipality, Alaska",2020,6.3,194.8,194.8,816.4,504.2,2542.0,401.2,25.5,559.2
81,"Chandler city, Arizona",2007,3.6,20.3,98.1,206.1,490.7,2340.0,331.6,27.1,248.6
82,"Chandler city, Arizona",2008,2.4,22.1,95.2,196.8,558.7,2279.0,316.9,36.4,246.0
83,"Chandler city, Arizona",2009,2.0,18.0,80.0,189.0,537.3,2186.0,188.6,24.2,220.2
84,"Chandler city, Arizona",2010,2.5,25.8,82.6,181.7,581.5,2442.0,159.7,21.2,238.0
85,"Chandler city, Arizona",2011,0.8,25.9,71.4,186.2,561.2,2397.0,138.2,14.6,227.3
86,"Chandler city, Arizona",2012,1.6,26.4,61.4,169.3,472.6,2129.0,105.5,32.1,203.4
87,"Chandler city, Arizona",2013,0.8,20.9,65.1,144.3,399.2,1861.0,112.2,31.0,178.1
88,"Chandler city, Arizona",2014,0.4,23.8,44.0,116.5,378.0,1768.0,90.3,38.4,160.7
89,"Chandler city, Arizona",2015,0.4,30.5,44.0,114.3,297.4,1687.0,98.9,17.4,157.5
90,"Chandler city, Arizona",2016,1.5,46.6,59.0,102.7,324.9,1841.0,147.8,7.9,186.8
91,"Chandler city, Arizona",2017,2.0,52.1,56.9,148.4,314.4,1866.0,149.2,6.4,201.1
92,"Chandler city, Arizona",2018,1.6,57.0,48.0,130.1,257.0,1740.0,123.8,5.9,186.7
93,"Chandler city, Arizona",2019,1.5,51.6,39.2,135.8,210.5,1715.0,145.1,7.3,178.2
94,"Chandler city, Arizona",2020,3.4,46.6,39.4,116.3,191.2,1498.0,165.5,6.1,165.7
95,"Glendale city, Arizona",2007,6.0,23.2,216.4,356.6,1104.0,2683.0,1185.0,26.8,446.1
96,"Glendale city, Arizona",2008,6.6,25.7,229.1,256.8,1038.0,3269.0,927.7,31.2,431.5
97,"Glendale city, Arizona",2009,7.1,21.2,164.7,256.8,1000.0,3220.0,675.9,32.1,384.7
98,"Glendale city, Arizona",2010,5.3,20.3,169.8,229.4,998.6,4382.0,584.0,23.8,415.6
99,"Glendale city, Arizona",2011,9.6,19.1,187.4,268.3,1062.0,4714.0,634.1,28.3,458.0
100,"Glendale city, Arizona",2012,5.2,23.2,177.3,285.8,1222.0,4662.0,525.3,33.5,453.2
101,"Glendale city, Arizona",2013,5.6,20.9,143.2,217.1,1030.0,4344.0,448.7,25.6,396.0
102,"Glendale city, Arizona",2014,8.4,47.3,147.8,185.4,883.1,3962.0,466.7,15.2,393.8
103,"Glendale city, Arizona",2015,5.4,39.1,148.1,199.7,826.2,4127.0,436.4,21.2,384.3
104,"Glendale city, Arizona",2016,9.5,44.0,195.9,246.2,815.4,3989.0,466.8,18.1,416.2
105,"Glendale city, Arizona",2017,4.8,38.9,193.0,251.5,637.5,3426.0,466.6,19.3,368.0
106,"Glendale city, Arizona",2018,3.6,44.0,130.1,289.4,656.9,2999.0,421.9,24.8,339.0
107,"Glendale city, Arizona",2019,6.7,24.8,91.7,216.6,557.6,2306.0,319.0,12.2,260.9
108,"Glendale city, Arizona",2020,9.4,32.5,81.4,316.3,498.3,1927.0,297.1,26.2,268.2
109,"Mesa city, Arizona",2007,4.8,38.5,136.4,309.5,642.8,3094.0,651.2,11.9,364.1
110,"Mesa city, Arizona",2008,3.5,35.2,143.6,318.7,627.4,2759.0,448.1,16.0,332.1
111,"Mesa city, Arizona",2009,3.0,26.1,129.8,265.9,653.3,2485.0,276.7,18.1,286.2
112,"Mesa city, Arizona",2010,3.4,28.2,116.4,259.7,617.5,2541.0,229.4,13.4,279.5
113,"Mesa city, Arizona",2011,3.8,29.4,111.6,267.7,621.9,2562.0,211.3,16.6,281.1
114,"Mesa city, Arizona",2012,3.1,38.1,103.9,254.5,593.9,2342.0,196.5,21.5,269.7
115,"Mesa city, Arizona",2013,4.8,44.5,104.8,242.0,516.7,2106.0,208.7,27.2,262.2
116,"Mesa city, Arizona",2014,2.8,54.5,101.5,299.7,510.3,2109.0,181.3,18.4,274.2
117,"Mesa city, Arizona",2015,3.4,51.2,86.6,277.5,471.1,1881.0,175.1,17.0,251.4
118,"Mesa city, Arizona",2016,4.0,56.9,94.1,273.9,407.7,1757.0,179.8,6.3,249.7
119,"Mesa city, Arizona",2017,4.7,51.2,92.2,267.7,381.5,1611.0,179.6,4.7,237.0
120,"Mesa city, Arizona",2018,3.4,47.1,82.6,230.8,309.6,1505.0,170.9,2.4,210.9
121,"Mesa city, Arizona",2019,1.7,50.9,66.4,217.1,261.9,1296.0,144.9,5.2,189.3
122,"Mesa city, Arizona",2020,3.6,44.6,72.1,251.4,302.8,1351.0,192.7,4.2,205.4
123,"Peoria city, Arizona",2007,4.1,27.8,69.3,139.9,902.7,2511.0,527.1,11.5,285.0
124,"Peoria city, Arizona",2008,5.3,33.0,68.7,101.0,790.1,2358.0,376.3,11.9,257.5
125,"Peoria city, Arizona",2009,5.5,32.2,53.5,102.8,682.6,2009.0,271.3,4.9,223.2
126,"Peoria city, Arizona",2010,3.9,24.7,42.8,111.6,562.7,2194.0,248.6,9.1,209.7
127,"Peoria city, Arizona",2011,1.3,22.4,35.8,133.1,696.3,2150.0,208.6,3.8,209.3
128,"Peoria city, Arizona",2012,5.7,15.2,48.6,117.5,586.7,2196.0,168.0,4.4,203.9
129,"Peoria city, Arizona",2013,2.5,9.9,36.5,108.3,443.6,1798.0,128.1,4.3,158.7
130,"Peoria city, Arizona",2014,1.2,21.9,36.4,88.6,368.5,1524.0,110.5,1.8,144.2
131,"Peoria city, Arizona",2015,0.6,18.2,37.6,109.3,380.7,1478.0,120.4,6.5,144.3
132,"Peoria city, Arizona",2016,1.1,21.2,48.6,129.3,369.0,1604.0,148.7,6.9,161.6
133,"Peoria city, Arizona",2017,2.4,39.8,47.0,160.3,321.3,1576.0,142.9,4.2,179.8
134,"Peoria city, Arizona",2018,1.8,33.5,40.0,152.8,305.0,1472.0,127.5,3.5,163.3
135,"Peoria city, Arizona",2019,2.3,40.1,47.5,143.2,250.9,1485.0,139.2,5.2,167.7
136,"Peoria city, Arizona",2020,1.7,38.1,40.9,183.2,241.5,1141.0,120.5,5.0,154.9
137,"Phoenix city, Arizona",2007,13.8,33.0,320.6,356.4,1246.0,3227.0,1353.0,31.6,545.9
138,"Phoenix city, Arizona",2008,10.5,30.3,304.3,314.8,1184.0,3070.0,959.8,29.8,482.1
139,"Phoenix city, Arizona",2009,7.6,32.7,235.2,271.0,1019.0,2482.0,606.8,27.3,385.3
140,"Phoenix city, Arizona",2010,8.0,36.1,224.8,284.5,1081.0,2629.0,538.0,22.1,393.2
141,"Phoenix city, Arizona",2011,7.9,38.1,226.7,279.0,1273.0,2610.0,515.3,18.6,404.9
142,"Phoenix city, Arizona",2012,8.3,37.4,236.7,354.3,1206.0,2402.0,483.8,20.6,407.5
143,"Phoenix city, Arizona",2013,7.9,42.3,215.2,366.5,1115.0,2462.0,423.1,17.9,397.8
144,"Phoenix city, Arizona",2014,7.5,65.8,193.0,305.7,935.8,2318.0,470.6,20.5,382.4
145,"Phoenix city, Arizona",2015,7.2,65.1,193.6,327.8,820.5,2198.0,472.5,15.6,373.3
146,"Phoenix city, Arizona",2016,9.2,64.2,206.2,394.7,820.9,2368.0,501.7,13.6,402.9
147,"Phoenix city, Arizona",2017,9.5,69.5,200.3,481.6,778.6,2427.0,465.5,11.6,419.9
148,"Phoenix city, Arizona",2018,8.0,65.7,188.3,470.6,633.9,2386.0,472.8,14.7,396.8
149,"Phoenix city, Arizona",2019,7.8,67.4,189.3,434.4,560.8,2335.0,419.0,11.9,379.3
150,"Phoenix city, Arizona",2020,10.9,62.5,191.8,533.2,433.4,2121.0,434.7,17.4,386.0
151,"Scottsdale city, Arizona",2007,2.1,17.4,60.8,105.8,647.4,2492.0,319.7,13.2,228.2
152,"Scottsdale city, Arizona",2008,2.1,11.7,54.4,108.8,622.8,2468.0,216.8,15.1,211.3
153,"Scottsdale city, Arizona",2009,4.2,7.9,53.9,105.4,559.1,2156.0,128.0,13.0,187.6
154,"Scottsdale city, Arizona",2010,1.8,15.2,46.0,99.4,589.3,2307.0,123.3,5.5,192.9
155,"Scottsdale city, Arizona",2011,1.8,15.4,56.7,107.5,645.9,2292.0,111.6,11.3,200.3
156,"Scottsdale city, Arizona",2012,1.3,18.8,51.5,75.6,561.7,2037.0,107.9,12.1,177.7
157,"Scottsdale city, Arizona",2013,1.8,16.4,44.8,86.5,484.7,1980.0,92.2,6.7,167.9
158,"Scottsdale city, Arizona",2014,0.9,37.5,35.3,84.2,423.0,1793.0,95.9,3.9,168.2
159,"Scottsdale city, Arizona",2015,2.6,45.3,42.8,94.9,354.5,1843.0,82.1,4.3,178.3
160,"Scottsdale city, Arizona",2016,1.7,37.4,46.5,67.7,318.8,1943.0,103.4,5.4,169.0
161,"Scottsdale city, Arizona",2017,2.0,40.9,39.7,74.7,348.6,1726.0,97.7,9.1,164.8
162,"Scottsdale city, Arizona",2018,2.7,47.9,34.1,80.8,278.9,1843.0,106.7,6.7,172.0
163,"Scottsdale city, Arizona",2019,1.2,52.2,42.2,63.7,254.2,1602.0,101.4,5.8,159.5
164,"Scottsdale city, Arizona",2020,2.7,41.4,36.9,97.7,259.7,1507.0,113.7,8.0,156.6
165,"Surprise city, Arizona",2007,6.1,15.2,34.4,100.0,539.6,1737.0,242.5,20.2,181.2
166,"Surprise city, Arizona",2008,0.0,7.9,44.5,61.3,587.3,1733.0,205.7,34.6,158.8
167,"Surprise city, Arizona",2009,1.0,8.6,35.3,61.1,508.2,1630.0,159.5,22.9,145.1
168,"Surprise city, Arizona",2010,0.0,11.1,29.8,49.4,375.3,1224.0,84.2,23.0,109.6
169,"Surprise city, Arizona",2011,0.0,10.1,42.8,57.1,517.7,1570.0,90.6,18.5,138.6
170,"Surprise city, Arizona",2012,2.5,6.6,51.3,73.7,429.7,1532.0,97.7,11.6,139.6
171,"Surprise city, Arizona",2013,0.0,11.4,40.0,70.2,328.2,1283.0,119.2,4.9,119.0
172,"Surprise city, Arizona",2014,3.2,7.2,24.8,74.4,279.9,1295.0,103.2,11.2,114.1
173,"Surprise city, Arizona",2015,1.6,13.2,34.2,81.7,319.0,1297.0,81.7,17.9,121.1
174,"Surprise city, Arizona",2016,4.6,9.2,29.1,60.5,270.1,1515.0,119.4,3.8,126.4
175,"Surprise city, Arizona",2017,1.5,13.3,34.7,39.2,168.5,1491.0,129.3,4.4,113.6
176,"Surprise city, Arizona",2018,5.1,15.4,27.1,73.2,174.9,1224.0,140.5,3.7,117.8
177,"Surprise city, Arizona",2019,2.8,19.9,32.6,42.6,153.9,1227.0,97.2,7.1,107.5
178,"Surprise city, Arizona",2020,1.4,23.5,20.7,98.9,117.5,1160.0,109.9,9.7,111.0
179,"Tempe city, Arizona",2007,5.8,36.8,192.6,299.4,1089.0,4646.0,933.3,40.3,495.5
180,"Tempe city, Arizona",2008,3.4,19.3,183.1,279.5,875.9,4300.0,631.0,30.6,416.8
181,"Tempe city, Arizona",2009,1.1,37.2,172.4,308.8,832.7,3770.0,459.8,38.3,391.4
182,"Tempe city, Arizona",2010,6.8,26.6,165.7,282.6,875.6,3965.0,398.2,26.0,392.9
183,"Tempe city, Arizona",2011,3.0,27.4,144.5,304.9,962.8,4149.0,335.3,17.1,392.5
184,"Tempe city, Arizona",2012,6.6,26.5,152.4,343.2,752.7,3664.0,294.5,15.1,371.6
185,"Tempe city, Arizona",2013,1.8,36.8,132.9,321.7,757.3,3628.0,289.0,26.1,358.5
186,"Tempe city, Arizona",2014,2.9,60.7,113.7,293.3,693.1,3772.0,271.5,24.7,368.3
187,"Tempe city, Arizona",2015,4.0,57.5,104.2,244.9,631.1,3517.0,204.5,37.0,335.5
188,"Tempe city, Arizona",2016,2.2,86.8,132.7,283.2,671.7,3635.0,251.9,21.3,382.9
189,"Tempe city, Arizona",2017,2.7,81.1,123.1,267.6,578.2,3289.0,254.2,10.7,353.1
190,"Tempe city, Arizona",2018,2.7,93.3,100.2,288.0,539.4,3313.0,285.3,6.4,360.8
191,"Tempe city, Arizona",2019,4.1,71.8,106.4,270.2,469.2,2998.0,308.9,9.7,329.0
192,"Tempe city, Arizona",2020,4.0,77.5,124.0,344.6,480.2,2733.0,350.1,13.5,347.1
193,"Tucson city, Arizona",2007,9.4,52.9,273.6,448.1,914.8,0.0,1293.0,53.5,400.3
194,"Tucson city, Arizona",2008,12.3,46.5,274.3,470.8,975.0,0.0,1098.0,60.1,394.3
195,"Tucson city, Arizona",2009,6.4,37.2,227.4,378.7,923.8,0.0,650.4,41.1,303.2
196,"Tucson city, Arizona",2010,9.8,30.4,209.2,391.1,961.7,0.0,660.0,29.4,305.0
197,"Tucson city, Arizona",2011,9.7,38.7,220.5,383.3,943.9,0.0,520.6,31.7,300.8
198,"Tucson city, Arizona",2012,7.9,44.0,237.0,435.3,944.6,0.0,470.1,37.3,312.9
199,"Tucson city, Arizona",2013,8.9,41.1,190.7,400.2,943.3,5222.0,416.8,28.7,496.3
200,"Tucson city, Arizona",2014,6.6,75.7,187.4,383.3,805.4,4842.0,345.7,26.2,484.4
201,"Tucson city, Arizona",2015,5.9,79.7,199.9,370.0,691.7,5587.0,364.2,22.1,510.5
202,"Tucson city, Arizona",2016,5.6,87.9,231.4,470.5,775.4,4719.0,363.9,22.3,517.2
203,"Tucson city, Arizona",2017,8.6,93.6,268.8,430.8,831.1,3968.0,452.2,29.3,512.0
204,"Tucson city, Arizona",2018,8.7,93.8,227.8,406.2,606.1,3870.0,477.9,29.4,477.6
205,"Tucson city, Arizona",2019,7.3,96.1,201.5,383.5,455.3,2406.0,410.3,25.9,389.6
206,"Tucson city, Arizona",2020,11.1,84.1,177.7,425.3,381.0,2899.0,341.2,44.7,397.7
207,"Little Rock city, Arkansas",2007,27.6,66.6,553.6,970.2,2130.0,5913.0,685.3,50.4,909.2
208,"Little Rock city, Arkansas",2008,19.7,70.2,435.7,726.1,1902.0,5464.0,614.4,47.3,772.4
209,"Little Rock city, Arkansas",2009,15.8,92.0,421.7,942.7,2322.0,5411.0,618.8,55.2,848.7
210,"Little Rock city, Arkansas",2010,12.9,80.6,443.9,984.4,2195.0,4891.0,578.7,51.7,816.0
211,"Little Rock city, Arkansas",2011,19.5,84.6,439.5,951.9,2390.0,5018.0,563.1,50.8,841.9
212,"Little Rock city, Arkansas",2012,23.0,70.4,411.6,812.0,2170.0,5354.0,560.6,44.4,799.0
213,"Little Rock city, Arkansas",2013,17.2,62.3,479.7,854.1,1930.0,5418.0,553.2,47.1,795.1
214,"Little Rock city, Arkansas",2014,21.7,70.6,375.3,937.4,1567.0,5386.0,449.0,34.3,761.0
215,"Little Rock city, Arkansas",2015,16.1,89.1,338.8,1061.0,1203.0,4988.0,428.9,45.3,735.4
216,"Little Rock city, Arkansas",2016,21.1,82.5,331.0,1100.0,1185.0,5169.0,577.5,25.2,763.3
217,"Little Rock city, Arkansas",2017,27.1,96.3,253.4,1268.0,1196.0,5201.0,568.4,25.6,798.2
218,"Little Rock city, Arkansas",2018,20.1,111.9,186.2,1133.0,1047.0,4967.0,565.0,28.6,729.2
219,"Little Rock city, Arkansas",2019,18.1,107.9,198.1,1202.0,890.2,4711.0,539.4,23.2,716.3
220,"Little Rock city, Arkansas",2020,24.8,99.1,190.2,1536.0,772.4,3572.0,512.4,35.4,731.1
221,"Anaheim city, California",2007,5.1,28.6,173.4,217.5,545.2,1699.0,380.7,12.2,265.2
222,"Anaheim city, California",2008,3.3,24.9,171.7,193.3,480.6,1688.0,327.8,13.2,244.0
223,"Anaheim city, California",2009,2.7,21.4,150.0,178.3,433.7,1664.0,281.3,11.0,222.6
224,"Anaheim city, California",2010,2.1,26.2,146.3,170.7,474.0,1745.0,300.4,14.0,230.2
225,"Anaheim city, California",2011,4.4,30.9,131.1,210.2,414.4,1753.0,328.9,7.6,240.3
226,"Anaheim city, California",2012,4.4,23.8,127.7,215.4,465.9,2039.0,418.0,7.8,256.7
227,"Anaheim city, California",2013,3.2,23.7,126.5,173.8,408.9,1888.0,486.8,10.1,241.2
228,"Anaheim city, California",2014,4.0,22.8,120.5,170.1,375.0,1620.0,367.5,6.6,216.9
229,"Anaheim city, California",2015,5.2,36.9,125.6,196.0,422.4,1972.0,477.6,8.0,263.4
230,"Anaheim city, California",2016,2.0,34.8,110.3,194.9,415.6,1913.0,391.5,9.3,240.8
231,"Anaheim city, California",2017,2.8,32.5,135.8,183.4,382.3,1809.0,439.2,12.7,243.4
232,"Anaheim city, California",2018,2.0,40.0,114.7,179.3,396.9,1669.0,387.0,7.6,231.8
233,"Anaheim city, California",2019,2.3,39.8,111.9,162.5,317.3,1668.0,347.8,12.4,219.2
234,"Anaheim city, California",2020,4.5,37.8,117.1,193.2,349.2,1676.0,494.2,13.9,244.1
235,"Antioch city, California",2007,9.8,26.5,403.0,404.0,1007.0,1124.0,930.6,49.0,432.4
236,"Antioch city, California",2008,7.9,28.8,395.2,436.9,916.6,1232.0,681.2,37.7,412.8
237,"Antioch city, California",2009,4.9,39.5,311.1,530.4,813.9,1069.0,737.8,39.5,399.7
238,"Antioch city, California",2010,12.7,31.3,305.7,494.3,1062.0,1025.0,937.8,35.2,431.3
239,"Antioch city, California",2011,4.8,20.3,280.0,484.7,1289.0,1517.0,933.6,54.1,432.4
240,"Antioch city, California",2012,9.5,27.6,354.3,625.7,1658.0,1828.0,1044.0,48.6,545.2
241,"Antioch city, California",2013,11.3,23.5,330.7,523.3,1269.0,1759.0,1143.0,53.5,495.8
242,"Antioch city, California",2014,8.3,49.9,295.7,430.6,1217.0,1709.0,945.3,39.7,460.6
243,"Antioch city, California",2015,6.3,47.9,253.3,389.9,779.8,1833.0,926.4,32.6,407.0
244,"Antioch city, California",2016,8.0,49.1,261.4,359.5,679.8,1795.0,817.2,50.0,390.4
245,"Antioch city, California",2017,8.9,45.4,204.9,281.5,524.7,2014.0,880.2,66.8,359.6
246,"Antioch city, California",2018,6.2,49.6,188.6,288.6,567.5,1848.0,533.0,81.4,322.6
247,"Antioch city, California",2019,10.7,48.8,211.3,304.5,453.7,1845.0,541.5,52.4,333.5
248,"Antioch city, California",2020,8.0,35.6,126.2,355.6,412.5,1495.0,509.4,40.0,282.9
249,"Bakersfield city, California",2007,4.7,12.9,197.3,400.3,1110.0,3091.0,837.0,28.5,427.3
250,"Bakersfield city, California",2008,7.7,14.7,217.1,397.5,1278.0,2906.0,771.7,49.4,439.2
251,"Bakersfield city, California",2009,8.2,14.8,212.8,398.6,1175.0,2823.0,718.0,38.4,424.3
252,"Bakersfield city, California",2010,9.5,9.8,184.5,401.7,1219.0,2448.0,706.5,29.6,402.3
253,"Bakersfield city, California",2011,5.1,11.1,155.9,358.7,1229.0,2311.0,681.5,35.6,370.6
254,"Bakersfield city, California",2012,9.6,16.0,196.0,320.8,1404.0,2682.0,905.3,58.5,432.9
255,"Bakersfield city, California",2013,6.6,11.9,195.7,299.0,1273.0,2562.0,811.6,53.3,397.8
256,"Bakersfield city, California",2014,4.6,5.7,179.6,266.7,1106.0,2245.0,621.4,101.3,338.0
257,"Bakersfield city, California",2015,5.9,19.0,175.2,284.0,1037.0,2484.0,640.3,90.7,359.5
258,"Bakersfield city, California",2016,8.4,17.7,162.1,292.5,1026.0,2694.0,804.7,87.6,382.1
259,"Bakersfield city, California",2017,10.8,24.1,197.6,246.9,962.1,2378.0,728.6,70.6,370.2
260,"Bakersfield city, California",2018,8.0,29.3,210.3,243.8,1044.0,2410.0,720.2,71.3,378.5
261,"Bakersfield city, California",2019,8.8,29.9,180.6,235.8,1002.0,2390.0,749.6,121.1,368.5
262,"Bakersfield city, California",2020,11.3,27.3,155.6,322.7,807.2,2229.0,986.2,154.3,380.3
263,"Berkeley city, California",2007,4.9,23.7,425.3,176.6,1156.0,4883.0,981.8,28.6,546.6
264,"Berkeley city, California",2008,7.9,24.7,490.3,121.6,1082.0,4735.0,941.0,27.7,547.4
265,"Berkeley city, California",2009,5.9,26.7,438.8,136.4,1066.0,4606.0,718.5,20.8,508.5
266,"Berkeley city, California",2010,4.4,20.4,324.2,124.4,966.4,3766.0,546.3,22.2,409.4
267,"Berkeley city, California",2011,0.9,16.7,298.5,107.1,856.9,3038.0,551.3,21.9,351.7
268,"Berkeley city, California",2012,4.3,33.9,291.4,93.9,844.6,3553.0,557.6,13.0,387.9
269,"Berkeley city, California",2013,3.4,22.4,352.8,105.0,907.8,3148.0,571.3,13.8,386.8
270,"Berkeley city, California",2014,2.5,29.7,223.3,110.4,791.5,3070.0,471.3,12.7,333.9
271,"Berkeley city, California",2015,0.8,36.5,274.1,128.8,905.4,3405.0,595.6,18.3,386.1
272,"Berkeley city, California",2016,1.6,44.0,294.3,150.8,656.3,3233.0,530.0,19.6,374.6
273,"Berkeley city, California",2017,0.8,67.7,296.7,177.7,687.1,3714.0,506.2,24.5,417.4
274,"Berkeley city, California",2018,0.8,52.5,285.3,135.0,670.0,3236.0,442.9,25.1,368.0
275,"Berkeley city, California",2019,0.0,60.3,300.5,142.5,627.9,4066.0,400.7,13.8,405.5
276,"Berkeley city, California",2020,4.9,38.4,224.0,171.6,651.4,3215.0,658.0,42.5,368.9
277,"Burbank city, California",2007,2.9,13.3,93.4,151.6,464.4,1755.0,419.6,17.2,211.0
278,"Burbank city, California",2008,1.9,16.4,83.0,125.4,568.3,1770.0,499.8,25.1,217.5
279,"Burbank city, California",2009,1.0,21.3,90.1,132.7,483.3,1771.0,324.5,17.4,203.2
280,"Burbank city, California",2010,0.0,12.6,94.8,106.4,462.6,1871.0,267.1,7.7,188.4
281,"Burbank city, California",2011,1.0,16.3,65.0,100.4,377.8,1842.0,223.8,10.5,172.6
282,"Burbank city, California",2012,1.9,22.8,105.7,100.9,364.6,1819.0,189.4,9.5,187.4
283,"Burbank city, California",2013,0.0,12.4,48.7,102.2,272.1,1839.0,209.1,5.7,154.3
284,"Burbank city, California",2014,1.0,13.3,52.4,76.2,281.8,1855.0,173.3,11.4,151.3
285,"Burbank city, California",2015,0.9,9.4,47.2,92.6,280.5,2018.0,210.6,12.3,159.3
286,"Burbank city, California",2016,0.0,22.7,47.3,128.6,370.8,2146.0,251.6,18.0,190.0
287,"Burbank city, California",2017,0.0,19.1,82.2,140.5,339.3,2240.0,234.2,15.3,200.2
288,"Burbank city, California",2018,0.0,17.1,73.3,127.6,262.8,2033.0,203.7,7.6,177.2
289,"Burbank city, California",2019,1.0,10.6,52.1,118.6,288.2,2031.0,203.4,3.9,167.4
290,"Burbank city, California",2020,1.0,11.7,46.9,110.3,286.1,1836.0,293.9,8.8,164.4
291,"Carlsbad city, California",2007,2.1,13.7,92.6,226.2,555.5,1772.0,248.3,10.5,217.8
292,"Carlsbad city, California",2008,2.0,24.6,52.2,153.6,519.1,1702.0,193.5,7.2,190.0
293,"Carlsbad city, California",2009,5.1,26.4,53.8,206.1,452.9,1347.0,137.1,12.2,185.2
294,"Carlsbad city, California",2010,0.0,19.0,38.9,127.2,378.8,1247.0,102.5,8.5,136.9
295,"Carlsbad city, California",2011,3.8,10.3,32.8,150.1,439.2,1290.0,119.2,1.9,147.5
296,"Carlsbad city, California",2012,1.9,24.1,51.0,168.7,460.7,1356.0,138.1,6.5,169.6
297,"Carlsbad city, California",2013,0.9,20.8,39.8,138.5,475.1,1299.0,112.2,9.0,152.3
298,"Carlsbad city, California",2014,0.9,12.5,39.2,129.1,294.8,1133.0,114.0,4.5,124.4
299,"Carlsbad city, California",2015,0.0,29.0,33.3,88.6,321.1,1428.0,123.7,7.0,140.4
300,"Carlsbad city, California",2016,0.0,32.2,42.6,106.9,320.8,1436.0,145.2,6.1,151.4
301,"Carlsbad city, California",2017,0.0,26.0,39.9,148.3,374.5,1420.0,120.5,15.6,155.1
302,"Carlsbad city, California",2018,0.9,33.4,44.5,129.3,256.1,1413.0,130.2,12.0,152.5
303,"Carlsbad city, California",2019,2.6,34.1,33.3,134.8,253.4,1426.0,142.5,9.4,155.5
304,"Carlsbad city, California",2020,2.6,20.6,30.0,139.0,219.7,1226.0,134.7,6.9,133.6
305,"Chico city, California",2007,4.0,79.4,144.0,290.8,981.3,1952.0,370.2,78.1,349.4
306,"Chico city, California",2008,2.4,36.9,120.1,202.2,1039.0,1831.0,340.1,48.8,283.9
307,"Chico city, California",2009,3.5,49.6,146.4,166.4,808.5,1604.0,363.5,40.1,273.8
308,"Chico city, California",2010,1.2,54.5,102.1,126.5,823.8,1643.0,256.4,38.3,245.8
309,"Chico city, California",2011,5.7,42.4,105.5,127.3,558.5,1533.0,333.7,33.3,229.6
310,"Chico city, California",2012,1.1,52.8,109.1,160.8,893.3,1446.0,291.7,56.3,253.1
311,"Chico city, California",2013,2.3,46.5,107.7,182.5,705.0,1777.0,433.0,41.9,265.6
312,"Chico city, California",2014,1.1,59.8,112.9,210.0,545.4,2693.0,389.6,79.0,303.1
313,"Chico city, California",2015,2.2,65.6,96.7,187.9,713.7,2881.0,445.8,212.3,324.4
314,"Chico city, California",2016,0.0,72.4,62.6,186.6,547.6,2564.0,499.3,218.4,294.8
315,"Chico city, California",2017,2.2,91.9,68.1,284.5,574.3,2828.0,483.5,169.8,347.2
316,"Chico city, California",2018,2.1,91.2,112.4,442.3,346.9,1868.0,334.1,70.0,325.2
317,"Chico city, California",2019,0.0,104.4,108.5,368.4,283.8,1829.0,397.6,50.1,314.6
318,"Chico city, California",2020,2.8,53.2,75.9,380.6,233.5,1472.0,299.9,98.7,246.3
319,"Chula Vista city, California",2007,3.7,26.1,181.1,210.3,499.7,1733.0,1095.0,12.8,316.5
320,"Chula Vista city, California",2008,2.7,24.6,143.7,201.4,451.2,1495.0,970.0,12.1,277.4
321,"Chula Vista city, California",2009,1.8,21.8,149.0,159.7,405.6,1356.0,579.5,12.0,226.6
322,"Chula Vista city, California",2010,0.8,22.1,104.1,144.7,311.6,1334.0,454.7,9.8,191.1
323,"Chula Vista city, California",2011,2.4,13.8,94.4,160.9,327.0,1344.0,358.2,14.6,181.7
324,"Chula Vista city, California",2012,3.2,13.2,90.9,125.3,370.7,1262.0,401.1,10.4,177.8
325,"Chula Vista city, California",2013,0.8,11.4,97.2,123.9,380.7,1385.0,306.2,13.7,171.1
326,"Chula Vista city, California",2014,2.7,15.4,82.3,135.1,235.9,1189.0,315.5,13.5,158.7
327,"Chula Vista city, California",2015,2.3,23.8,90.1,149.7,267.7,1166.0,307.7,10.2,170.5
328,"Chula Vista city, California",2016,0.4,21.5,77.0,158.8,256.9,990.1,327.6,14.4,156.6
329,"Chula Vista city, California",2017,0.7,22.9,112.1,162.3,236.1,915.5,280.7,8.5,161.5
330,"Chula Vista city, California",2018,2.2,28.8,93.3,180.0,213.2,852.1,250.8,7.3,160.5
331,"Chula Vista city, California",2019,1.1,22.2,96.3,208.9,176.6,909.4,300.5,13.1,163.4
332,"Chula Vista city, California",2020,3.6,22.7,108.6,194.6,171.2,726.9,273.4,24.1,159.8
333,"Clovis city, California",2007,0.0,24.8,51.8,67.0,624.2,2121.0,325.1,17.3,203.4
334,"Clovis city, California",2008,2.1,20.2,54.3,81.0,708.6,2416.0,295.2,16.0,222.8
335,"Clovis city, California",2009,1.1,24.2,56.7,66.2,740.3,2367.0,346.5,10.5,225.9
336,"Clovis city, California",2010,2.1,32.4,57.5,80.5,789.5,2539.0,403.6,23.0,252.6
337,"Clovis city, California",2011,4.1,26.9,56.8,130.2,944.7,2695.0,424.8,13.4,280.8
338,"Clovis city, California",2012,3.1,34.8,58.3,127.8,976.2,2745.0,393.5,11.2,286.6
339,"Clovis city, California",2013,0.0,23.1,47.2,111.6,883.6,2232.0,306.6,12.1,230.6
340,"Clovis city, California",2014,1.0,27.8,47.7,138.0,785.5,2051.0,206.5,11.9,219.7
341,"Clovis city, California",2015,1.0,25.1,67.5,136.8,404.7,2365.0,201.4,4.8,208.6
342,"Clovis city, California",2016,1.9,33.1,68.0,137.9,410.0,2208.0,190.8,6.6,210.5
343,"Clovis city, California",2017,0.0,40.6,56.3,127.3,417.8,2061.0,191.8,7.4,201.8
344,"Clovis city, California",2018,0.9,41.2,32.2,123.5,320.3,1729.0,132.4,5.4,171.2
345,"Clovis city, California",2019,0.0,47.3,28.0,137.5,268.9,1585.0,139.3,5.3,167.1
346,"Clovis city, California",2020,0.9,34.2,33.4,137.0,262.0,1563.0,172.9,6.8,161.2
347,"Concord city, California",2007,2.5,10.6,220.9,168.6,667.7,2430.0,991.8,18.8,336.7
348,"Concord city, California",2008,5.0,9.9,179.0,158.3,664.6,2210.0,811.2,20.7,303.1
349,"Concord city, California",2009,1.7,15.7,175.1,135.5,667.5,1819.0,710.5,10.7,271.8
350,"Concord city, California",2010,3.3,22.9,136.8,288.4,755.3,1743.0,613.6,4.9,295.3
351,"Concord city, California",2011,5.7,15.4,135.2,191.9,727.1,1836.0,515.8,7.3,268.2
352,"Concord city, California",2012,0.0,15.2,122.2,183.7,662.1,2152.0,526.3,13.6,260.1
353,"Concord city, California",2013,0.8,9.6,126.7,187.3,657.6,2203.0,612.1,7.2,267.8
354,"Concord city, California",2014,2.4,17.4,131.0,216.2,656.4,2642.0,801.6,6.3,316.9
355,"Concord city, California",2015,3.1,22.5,141.3,214.3,461.3,2383.0,742.4,6.2,296.5
356,"Concord city, California",2016,0.8,23.9,122.4,197.1,401.1,2150.0,787.5,13.1,273.8
357,"Concord city, California",2017,3.9,48.5,125.6,178.0,345.2,2475.0,584.8,20.8,289.7
358,"Concord city, California",2018,2.3,37.4,152.8,168.9,340.8,2387.0,424.9,13.8,267.5
359,"Concord city, California",2019,1.5,51.3,179.2,182.2,332.3,2689.0,470.1,17.6,302.7
360,"Concord city, California",2020,1.5,29.2,132.2,162.2,359.0,2015.0,534.3,40.7,247.0
361,"Corona city, California",2007,3.3,18.2,121.8,78.2,436.4,1732.0,451.4,13.7,209.2
362,"Corona city, California",2008,2.6,16.3,86.8,79.0,443.9,1877.0,351.2,18.3,194.4
363,"Corona city, California",2009,5.2,7.9,76.8,50.5,401.5,1727.0,371.3,8.5,176.8
364,"Corona city, California",2010,1.3,9.8,59.1,60.4,426.6,1610.0,284.2,9.2,157.3
365,"Corona city, California",2011,1.3,6.5,68.1,53.8,457.3,1491.0,227.7,13.0,148.8
366,"Corona city, California",2012,0.6,10.8,64.8,57.2,547.2,1758.0,327.9,19.1,175.7
367,"Corona city, California",2013,5.6,8.7,40.6,46.2,402.1,1439.0,305.9,5.6,149.8
368,"Corona city, California",2014,0.0,15.5,42.2,48.4,335.8,1483.0,316.5,14.3,142.9
369,"Corona city, California",2015,3.1,18.3,59.9,48.3,375.8,1617.0,284.8,7.9,162.2
370,"Corona city, California",2016,1.8,23.4,44.4,41.4,445.0,1343.0,429.9,8.4,163.2
371,"Corona city, California",2017,0.6,21.3,63.3,46.7,331.6,1287.0,330.4,11.2,147.6
372,"Corona city, California",2018,3.5,27.1,70.0,54.1,287.0,1285.0,347.6,12.3,159.8
373,"Corona city, California",2019,2.3,25.2,60.3,82.5,378.1,1317.0,342.4,16.4,165.9
374,"Corona city, California",2020,0.6,20.9,50.0,68.1,394.0,1257.0,449.8,21.5,160.4
375,"Costa Mesa city, California",2007,0.0,35.5,70.1,129.3,463.4,2209.0,365.1,8.2,225.3
376,"Costa Mesa city, California",2008,0.9,35.8,110.2,174.5,473.8,2339.0,279.2,11.0,247.5
377,"Costa Mesa city, California",2009,0.9,24.5,103.5,147.1,468.5,2321.0,225.1,12.7,225.5
378,"Costa Mesa city, California",2010,0.9,30.9,84.6,101.9,416.5,2232.0,256.5,9.1,211.2
379,"Costa Mesa city, California",2011,3.6,27.0,74.6,102.5,471.0,2466.0,240.0,12.6,222.4
380,"Costa Mesa city, California",2012,3.6,28.4,73.7,119.9,593.1,2708.0,320.5,21.3,251.4
381,"Costa Mesa city, California",2013,0.9,40.9,83.5,98.6,455.0,2442.0,263.0,11.6,229.8
382,"Costa Mesa city, California",2014,0.0,39.9,106.5,135.7,508.4,2292.0,271.5,16.0,240.0
383,"Costa Mesa city, California",2015,0.9,46.7,107.5,185.1,615.1,3135.0,411.5,15.9,309.8
384,"Costa Mesa city, California",2016,0.9,52.7,127.4,181.0,645.8,2896.0,508.7,25.5,320.1
385,"Costa Mesa city, California",2017,0.9,53.9,113.0,151.0,547.4,2788.0,459.1,10.6,295.5
386,"Costa Mesa city, California",2018,2.6,65.6,96.2,136.4,450.3,2601.0,264.1,14.9,270.6
387,"Costa Mesa city, California",2019,0.0,45.6,91.2,136.8,394.6,2573.0,311.3,14.0,246.6
388,"Costa Mesa city, California",2020,1.8,56.5,102.4,270.0,452.7,2382.0,325.6,28.2,286.4
389,"Daly City city, California",2007,0.0,14.9,184.8,91.4,289.2,1401.0,407.4,43.7,194.5
390,"Daly City city, California",2008,1.0,24.9,142.2,113.4,274.5,1417.0,342.1,20.9,190.5
391,"Daly City city, California",2009,1.0,17.8,100.7,117.5,313.0,1112.0,306.1,12.8,160.8
392,"Daly City city, California",2010,2.0,8.9,103.8,132.5,328.3,1139.0,316.4,16.8,162.6
393,"Daly City city, California",2011,1.0,13.7,57.7,107.5,314.7,1278.0,244.4,14.7,144.4
394,"Daly City city, California",2012,0.0,8.7,73.6,126.8,382.3,1114.0,248.8,20.3,145.6
395,"Daly City city, California",2013,0.0,14.3,86.1,112.9,336.7,1138.0,278.4,24.9,151.3
396,"Daly City city, California",2014,1.9,16.1,73.8,91.8,287.8,1051.0,256.6,8.5,139.9
397,"Daly City city, California",2015,0.0,24.2,82.9,110.9,298.2,1118.0,240.4,7.5,151.3
398,"Daly City city, California",2016,0.9,20.4,83.6,121.7,228.5,1070.0,216.5,13.9,143.8
399,"Daly City city, California",2017,0.0,48.4,83.8,114.6,188.2,1077.0,189.1,11.2,158.2
400,"Daly City city, California",2018,2.8,35.2,95.4,90.8,204.8,1047.0,164.0,7.4,149.8
401,"Daly City city, California",2019,0.0,40.8,84.5,90.0,157.8,1408.0,168.0,11.1,156.8
402,"Daly City city, California",2020,0.0,29.0,72.1,78.6,133.8,978.9,253.6,30.9,129.4
403,"Downey city, California",2007,2.7,15.5,263.6,188.8,610.2,1984.0,959.5,11.9,333.5
404,"Downey city, California",2008,2.8,22.2,232.9,159.0,658.1,1884.0,1137.0,7.4,337.4
405,"Downey city, California",2009,3.7,16.7,217.5,174.7,487.0,1956.0,879.2,0.0,303.7
406,"Downey city, California",2010,5.4,15.2,178.0,153.9,586.9,2122.0,830.3,3.6,299.5
407,"Downey city, California",2011,1.8,20.3,180.4,142.4,680.0,1816.0,931.1,3.5,297.1
408,"Downey city, California",2012,5.3,17.6,167.2,145.2,589.6,1679.0,844.0,3.5,279.8
409,"Downey city, California",2013,6.2,10.6,151.0,120.1,506.1,1654.0,747.2,7.9,251.6
410,"Downey city, California",2014,2.6,13.2,111.8,119.7,421.7,1431.0,697.2,12.3,215.9
411,"Downey city, California",2015,6.1,20.0,150.8,115.0,447.9,1382.0,690.2,14.8,238.3
412,"Downey city, California",2016,0.9,19.2,163.9,141.2,459.4,1812.0,667.8,13.9,252.6
413,"Downey city, California",2017,2.6,20.3,160.3,153.3,520.7,1644.0,673.9,7.9,256.4
414,"Downey city, California",2018,4.4,12.4,163.3,143.9,387.5,1386.0,535.0,13.2,221.9
415,"Downey city, California",2019,3.6,26.7,134.4,148.7,306.2,1394.0,501.2,3.6,215.8
416,"Downey city, California",2020,1.8,20.7,96.3,152.2,219.7,1094.0,624.9,18.9,188.6
417,"El Cajon city, California",2007,4.4,23.0,201.5,312.2,639.6,2330.0,1359.0,15.3,396.7
418,"El Cajon city, California",2008,1.1,38.0,221.2,312.3,619.1,2066.0,953.1,17.3,363.6
419,"El Cajon city, California",2009,2.2,31.4,244.4,220.6,526.7,1689.0,605.6,18.4,299.8
420,"El Cajon city, California",2010,0.0,15.1,169.9,204.1,554.9,1687.0,538.8,12.1,253.3
421,"El Cajon city, California",2011,2.0,27.8,185.8,310.0,599.1,1434.0,419.3,13.9,276.8
422,"El Cajon city, California",2012,2.0,23.6,144.3,188.5,484.0,1499.0,386.8,14.7,228.5
423,"El Cajon city, California",2013,2.0,28.4,140.2,207.8,483.3,1740.0,452.9,16.7,249.9
424,"El Cajon city, California",2014,3.9,19.4,130.3,164.3,482.3,1398.0,309.2,7.8,209.7
425,"El Cajon city, California",2015,1.9,48.1,102.9,193.4,372.3,1459.0,349.2,14.4,224.3
426,"El Cajon city, California",2016,1.0,44.0,139.7,193.3,410.6,1516.0,414.4,26.8,240.3
427,"El Cajon city, California",2017,1.0,46.0,156.1,207.8,396.4,1438.0,396.4,11.5,244.0
428,"El Cajon city, California",2018,4.8,29.7,182.8,275.6,337.8,1478.0,356.0,17.2,254.5
429,"El Cajon city, California",2019,2.9,36.6,193.9,299.0,357.8,1269.0,346.2,14.5,256.6
430,"El Cajon city, California",2020,4.9,32.0,109.7,350.4,279.5,1168.0,344.5,39.8,232.1
431,"Elk Grove city, California",2007,1.4,16.7,111.5,236.1,688.6,1583.0,395.4,4.3,240.0
432,"Elk Grove city, California",2008,0.0,15.8,106.9,350.8,632.7,1692.0,250.4,8.6,246.9
433,"Elk Grove city, California",2009,2.8,10.7,108.1,310.9,611.1,1531.0,307.3,7.8,237.4
434,"Elk Grove city, California",2010,1.3,9.1,70.6,264.7,426.8,1443.0,224.2,9.8,189.6
435,"Elk Grove city, California",2011,1.9,11.6,63.3,261.0,428.9,1474.0,209.3,9.0,190.1
436,"Elk Grove city, California",2012,0.6,12.8,60.8,253.3,431.1,1539.0,135.6,16.6,183.0
437,"Elk Grove city, California",2013,0.0,3.7,61.5,226.2,338.0,1385.0,118.1,6.8,155.2
438,"Elk Grove city, California",2014,1.2,19.6,76.1,284.7,384.2,1373.0,128.3,3.1,190.0
439,"Elk Grove city, California",2015,0.6,19.9,63.2,269.0,354.4,1380.0,142.6,2.4,181.3
440,"Elk Grove city, California",2016,0.0,30.0,55.4,236.8,219.7,1037.0,123.1,2.9,154.7
441,"Elk Grove city, California",2017,1.7,22.6,57.4,242.7,212.0,966.3,122.2,3.5,150.6
442,"Elk Grove city, California",2018,0.6,22.9,53.2,160.3,183.8,1064.0,102.5,5.7,131.1
443,"Elk Grove city, California",2019,0.0,19.9,65.0,127.1,166.4,1201.0,114.0,5.7,129.6
444,"Elk Grove city, California",2020,0.6,28.2,51.9,143.8,181.6,1067.0,93.0,4.5,130.9
445,"El Monte city, California",2007,4.8,20.1,189.2,338.2,503.3,1122.0,637.8,17.7,281.3
446,"El Monte city, California",2008,9.8,26.0,215.4,399.0,513.6,1083.0,569.7,22.8,309.6
447,"El Monte city, California",2009,2.5,11.4,248.3,322.6,526.0,1149.0,620.0,7.4,285.5
448,"El Monte city, California",2010,2.6,23.8,233.5,268.8,534.9,1052.0,702.4,11.5,283.9
449,"El Monte city, California",2011,0.9,28.7,170.7,166.4,473.8,989.5,527.8,5.2,224.2
450,"El Monte city, California",2012,3.5,12.1,176.0,150.8,495.0,937.1,501.1,12.1,211.8
451,"El Monte city, California",2013,2.6,12.1,134.1,145.3,491.4,898.0,498.3,9.5,194.4
452,"El Monte city, California",2014,1.7,17.2,141.1,126.5,397.5,1005.0,501.6,4.3,193.0
453,"El Monte city, California",2015,6.8,17.9,121.8,194.2,392.8,844.3,579.3,24.7,211.0
454,"El Monte city, California",2016,2.6,26.4,142.3,210.5,575.2,969.7,586.3,19.6,237.0
455,"El Monte city, California",2017,4.3,37.0,157.5,189.4,591.4,1232.0,600.9,11.2,262.1
456,"El Monte city, California",2018,5.2,30.1,127.9,147.7,413.9,1078.0,432.8,17.2,209.0
457,"El Monte city, California",2019,1.7,29.4,108.8,122.6,299.6,903.0,340.2,14.7,168.4
458,"El Monte city, California",2020,7.8,34.6,105.5,153.0,293.9,847.1,393.3,18.2,191.4
459,"Escondido city, California",2007,3.0,21.0,209.8,258.6,605.6,1820.0,819.2,17.2,318.2
460,"Escondido city, California",2008,2.9,22.7,142.8,246.9,657.8,1762.0,643.9,19.8,284.3
461,"Escondido city, California",2009,2.9,30.6,181.2,243.0,566.8,1748.0,508.6,16.7,283.5
462,"Escondido city, California",2010,2.1,25.7,147.3,239.7,516.3,1709.0,576.7,13.2,267.5
463,"Escondido city, California",2011,2.1,19.2,121.6,197.1,382.5,1481.0,341.3,13.0,208.7
464,"Escondido city, California",2012,3.4,25.8,139.8,257.1,518.4,1605.0,514.3,9.5,262.4
465,"Escondido city, California",2013,4.0,26.2,135.2,235.5,482.3,1666.0,519.3,8.1,258.7
466,"Escondido city, California",2014,2.0,23.4,110.1,206.2,333.7,1331.0,355.0,8.7,202.0
467,"Escondido city, California",2015,4.6,31.6,116.0,196.4,315.7,1521.0,399.4,9.9,223.5
468,"Escondido city, California",2016,2.6,31.4,98.1,230.9,271.4,1447.0,430.4,7.8,217.3
469,"Escondido city, California",2017,2.0,33.4,113.8,227.7,279.4,1165.0,260.4,19.0,197.3
470,"Escondido city, California",2018,2.6,41.8,103.9,201.2,233.2,1235.0,318.8,7.8,201.3
471,"Escondido city, California",2019,2.6,33.3,93.3,220.6,247.4,1044.0,257.8,5.2,183.7
472,"Escondido city, California",2020,3.3,33.5,77.4,259.1,262.4,1223.0,283.4,15.1,198.3
473,"Fairfield city, California",2007,6.6,33.9,208.3,346.8,656.0,2816.0,629.6,28.3,381.1
474,"Fairfield city, California",2008,4.8,26.7,226.8,262.1,701.4,2576.0,559.4,26.7,348.2
475,"Fairfield city, California",2009,5.7,22.0,184.7,205.8,745.6,1988.0,373.3,21.1,287.2
476,"Fairfield city, California",2010,7.6,17.1,175.7,276.3,718.8,2059.0,445.3,16.1,305.1
477,"Fairfield city, California",2011,4.7,19.7,138.9,235.6,536.8,1929.0,325.6,12.2,254.7
478,"Fairfield city, California",2012,7.5,28.0,129.8,258.6,631.1,2002.0,464.0,13.1,289.4
479,"Fairfield city, California",2013,2.8,12.0,152.2,292.4,677.9,2001.0,580.1,18.4,293.2
480,"Fairfield city, California",2014,5.4,37.2,182.2,245.7,594.7,2341.0,575.7,9.1,325.7
481,"Fairfield city, California",2015,7.1,40.9,148.3,235.4,405.0,2137.0,503.6,26.6,292.6
482,"Fairfield city, California",2016,6.1,48.9,128.4,232.3,366.7,1649.0,468.9,17.5,265.4
483,"Fairfield city, California",2017,8.6,34.4,155.5,270.7,468.3,1868.0,458.0,27.5,289.6
484,"Fairfield city, California",2018,3.4,66.2,149.3,279.1,342.7,1951.0,488.6,24.6,301.5
485,"Fairfield city, California",2019,4.2,40.5,136.8,191.8,303.3,2348.0,543.2,19.4,278.9
486,"Fairfield city, California",2020,5.1,49.8,142.6,259.9,367.1,1620.0,535.9,28.7,278.1
487,"Fontana city, California",2007,4.5,24.4,165.4,313.3,530.3,1171.0,651.0,7.4,276.9
488,"Fontana city, California",2008,6.3,25.9,149.0,277.4,531.6,1183.0,647.8,13.2,269.9
489,"Fontana city, California",2009,3.2,24.2,157.1,266.9,557.0,1277.0,473.5,5.3,254.1
490,"Fontana city, California",2010,3.1,18.9,122.4,242.8,410.1,1086.0,381.0,6.6,209.1
491,"Fontana city, California",2011,2.5,19.7,121.5,219.3,524.8,1215.0,394.7,4.5,218.0
492,"Fontana city, California",2012,2.5,15.4,144.9,260.4,547.1,1189.0,500.8,6.0,238.8
493,"Fontana city, California",2013,4.9,16.2,99.3,236.0,428.7,1090.0,491.1,4.4,212.7
494,"Fontana city, California",2014,1.0,19.1,84.6,242.5,335.4,1071.0,407.3,6.4,190.0
495,"Fontana city, California",2015,1.4,22.2,102.9,261.9,369.1,1195.0,498.1,5.8,217.4
496,"Fontana city, California",2016,6.7,32.9,104.0,271.6,332.6,1217.0,548.4,8.1,241.1
497,"Fontana city, California",2017,4.2,29.3,97.3,206.3,265.8,1082.0,416.0,6.1,197.5
498,"Fontana city, California",2018,3.7,29.4,91.1,207.0,253.3,828.6,422.0,4.7,184.4
499,"Fontana city, California",2019,2.8,38.4,95.4,205.7,223.7,855.1,354.4,4.2,184.3
500,"Fontana city, California",2020,3.2,34.2,74.8,195.3,219.3,580.0,357.0,7.4,162.4
